metadata$Rename_A	HO14_NovelPFam32	PotiB2_lp32.3_2	MOD5_untig_175_lp28.14	Y501_unitig_7_lp28.13	Y501_unitig_2_lp28.12	Bol26_lp28.9	CA_28_91_lp28.8	JD1_lp28.7	JD1_lp28.6	N40_lp28.5	B31_lp28.11	B31_lp28.4	B31_lp28.3	B31_lp28.2	B31_lp28.1	B31_lp17	B31_lp21	B31_lp25	B31_lp36	B31_lp38	B31_lp54	WI9123_lp56	DN127_cp9	B31_cp26	B31_cp32.1	B31_cp32.3	B31_cp32.4	B31_cp32.5	JD1_cp32.6	B31_cp32.7	JD1_cp32.8	B31_cp32.9	B31_cp32.10	JD1_cp32.11	X297_cp32.12	X118a_cp32.13	unknown
UMA1	NA	NA	NA	NA	NA	NA	NA	NA	1	1	NA	1	1	NA	1	1	1	1	1	NA	1	NA	NA	1	NA	1	1	1	NA	NA	NA	1	NA	1	1	NA	1
UMA2	NA	NA	NA	NA	NA	NA	NA	NA	1	NA	1	1	1	NA	NA	1	1	1	1	1	1	NA	NA	1	NA	1	NA	NA	1	NA	NA	NA	1	NA	1	1	1
UMA3	NA	NA	NA	NA	NA	NA	NA	NA	1	1	NA	1	1	NA	1	1	1	1	1	NA	1	NA	NA	1	NA	1	1	1	NA	NA	NA	1	NA	NA	1	NA	1
UMA4	NA	NA	NA	NA	NA	NA	NA	NA	1	1	NA	1	1	NA	1	1	1	1	NA	NA	1	NA	NA	1	NA	1	NA	1	NA	1	NA	1	NA	1	1	NA	1
UMA5	NA	NA	NA	NA	NA	NA	NA	NA	1	1	NA	1	1	1	NA	1	1	1	1	1	1	NA	NA	1	NA	NA	1	1	1	NA	NA	1	1	NA	NA	NA	1
UMA7	NA	NA	NA	NA	NA	NA	NA	NA	1	1	NA	1	1	NA	NA	1	1	1	1	NA	1	NA	NA	1	NA	NA	1	1	1	1	NA	NA	1	NA	NA	NA	1
UMA8	NA	NA	NA	NA	NA	NA	NA	NA	1	NA	1	1	1	1	1	1	1	1	1	1	1	1	NA	1	1	1	1	1	NA	NA	NA	NA	1	1	NA	NA	1
UMA9	NA	NA	NA	NA	NA	NA	NA	NA	1	NA	1	1	1	1	1	1	1	1	1	NA	1	1	NA	1	NA	1	NA	1	NA	1	NA	NA	1	1	1	NA	1
UMA10	NA	NA	NA	NA	NA	NA	NA	NA	1	1	NA	1	1	1	1	1	1	1	1	NA	1	NA	NA	1	1	1	NA	1	1	NA	1	NA	NA	NA	1	NA	1
UMA11	NA	NA	NA	NA	NA	NA	NA	1	1	1	NA	1	1	NA	NA	1	1	1	1	NA	1	NA	NA	1	NA	NA	NA	NA	NA	NA	NA	NA	1	NA	NA	NA	1
UMA12	NA	NA	NA	NA	NA	NA	NA	NA	1	1	1	1	1	1	1	1	1	1	1	1	1	1	NA	1	1	1	1	1	NA	1	NA	NA	1	1	NA	NA	1
UMA13	NA	NA	NA	NA	NA	NA	NA	NA	1	NA	NA	1	1	1	1	1	1	1	1	1	1	NA	NA	1	1	1	1	1	NA	NA	NA	1	1	1	NA	NA	1
UMA14	NA	NA	NA	NA	NA	NA	NA	NA	1	NA	1	1	1	1	1	1	1	1	1	1	1	1	NA	1	NA	1	NA	1	1	1	NA	NA	1	1	NA	NA	1
UMA15	NA	NA	NA	NA	NA	NA	NA	NA	1	1	NA	1	1	NA	1	1	1	1	1	NA	1	NA	NA	1	NA	1	NA	1	1	1	NA	NA	NA	1	1	NA	1
UMA16	NA	NA	NA	NA	NA	NA	NA	NA	1	NA	NA	1	1	1	1	1	NA	1	1	NA	1	NA	NA	1	1	1	NA	1	1	NA	1	NA	NA	NA	NA	NA	1
URI17	NA	NA	NA	NA	NA	NA	NA	NA	1	NA	NA	1	1	1	1	1	NA	1	1	NA	1	NA	NA	1	1	1	NA	1	1	NA	1	NA	NA	NA	NA	NA	1
URI19	NA	NA	NA	NA	NA	NA	NA	NA	1	NA	NA	1	1	1	1	1	1	1	1	1	1	NA	NA	1	1	1	NA	NA	1	1	1	NA	NA	NA	1	NA	1
URI20	NA	NA	NA	NA	NA	NA	NA	1	1	NA	NA	1	1	1	1	1	NA	1	1	1	1	NA	NA	1	1	1	1	1	NA	1	NA	NA	1	NA	NA	NA	1
URI22	NA	NA	NA	NA	NA	NA	NA	1	1	NA	NA	1	1	1	NA	1	1	1	1	1	1	NA	NA	1	NA	NA	1	NA	1	1	1	NA	1	NA	NA	NA	1
URI23	NA	NA	NA	NA	NA	NA	NA	NA	1	1	NA	1	1	NA	1	1	1	1	1	1	1	NA	NA	1	NA	1	1	1	1	NA	NA	NA	NA	1	1	NA	1
URI24	NA	NA	NA	NA	NA	NA	NA	NA	1	NA	1	1	1	1	1	1	1	1	1	1	1	1	NA	1	1	1	NA	1	1	NA	NA	NA	1	1	NA	NA	1
ESI26	NA	NA	NA	NA	NA	1	NA	1	NA	NA	NA	1	1	NA	NA	1	NA	NA	1	NA	1	NA	NA	1	1	NA	NA	1	1	NA	NA	1	NA	NA	1	NA	1
ESI28	NA	NA	NA	NA	NA	1	NA	NA	NA	NA	NA	1	1	NA	NA	1	NA	NA	1	NA	1	NA	NA	1	1	NA	NA	1	NA	NA	NA	1	NA	NA	1	NA	1
UCT29	NA	NA	NA	NA	NA	NA	NA	NA	NA	NA	1	1	1	1	1	1	1	1	1	1	1	1	NA	1	1	1	1	1	1	1	NA	1	1	1	NA	NA	1
UCT30	NA	NA	NA	NA	NA	NA	NA	NA	1	1	NA	1	1	NA	1	1	1	1	1	NA	1	NA	NA	1	NA	1	1	1	1	1	NA	1	NA	1	1	NA	1
UCT31	NA	NA	NA	NA	NA	NA	NA	NA	NA	NA	1	1	1	1	1	1	1	1	1	NA	1	1	NA	1	1	1	1	1	1	1	NA	1	1	1	NA	NA	1
UCT32	NA	NA	NA	NA	NA	NA	NA	NA	1	1	NA	1	1	NA	1	1	1	1	1	NA	1	NA	NA	1	NA	1	1	1	1	1	1	1	NA	1	1	NA	1
URI33	NA	NA	NA	NA	NA	NA	NA	1	NA	NA	NA	1	1	NA	NA	1	1	1	1	1	1	NA	NA	1	NA	NA	NA	1	1	NA	1	NA	1	1	NA	NA	1
URI34	NA	NA	NA	NA	NA	NA	NA	1	1	NA	NA	1	1	NA	NA	1	NA	NA	1	NA	1	NA	NA	1	NA	NA	NA	NA	1	1	NA	NA	1	NA	NA	1	1
UCT35	NA	NA	NA	NA	NA	NA	NA	NA	NA	NA	1	1	1	NA	NA	1	NA	1	1	NA	1	NA	NA	1	NA	1	1	1	1	1	NA	NA	1	NA	NA	1	1
URI36	NA	NA	NA	NA	NA	NA	NA	NA	1	1	NA	1	1	NA	1	1	1	1	1	1	1	1	NA	1	NA	1	1	1	1	1	1	NA	NA	1	NA	NA	1
URI37	NA	NA	NA	NA	NA	NA	NA	NA	NA	NA	NA	1	1	1	1	1	NA	1	1	1	1	NA	NA	1	1	1	1	1	1	1	1	1	NA	1	NA	NA	1
URI38	NA	NA	NA	NA	NA	NA	NA	NA	NA	NA	1	1	1	NA	NA	1	NA	1	1	NA	1	NA	NA	1	1	NA	1	1	1	NA	NA	1	1	NA	NA	NA	1
URI39	NA	NA	NA	NA	NA	NA	NA	NA	NA	NA	1	1	1	1	1	1	1	1	1	1	1	1	NA	1	NA	1	1	1	1	1	1	1	1	1	NA	NA	1
URI40	NA	NA	NA	NA	NA	NA	NA	NA	NA	NA	1	1	1	1	1	1	1	1	1	1	1	1	NA	1	NA	1	1	1	1	1	NA	1	1	1	NA	NA	1
URI41	NA	NA	NA	NA	NA	NA	NA	NA	NA	NA	1	1	1	1	1	1	1	1	1	NA	1	1	NA	1	NA	1	1	1	1	1	NA	1	1	1	NA	NA	1
URI42	NA	NA	NA	NA	NA	NA	NA	NA	NA	NA	1	1	1	1	1	1	NA	1	1	NA	1	1	NA	1	NA	1	1	1	1	1	NA	1	1	1	NA	NA	1
URI43	NA	NA	NA	NA	NA	NA	NA	NA	NA	NA	1	1	1	1	1	1	NA	1	1	1	1	1	NA	1	NA	1	1	1	NA	1	NA	1	1	NA	NA	NA	1
URI44	NA	NA	NA	NA	NA	NA	NA	NA	1	1	NA	1	1	NA	1	1	1	1	1	NA	1	NA	NA	1	NA	1	1	1	1	1	NA	1	NA	1	1	NA	1
URI46	NA	NA	NA	NA	NA	NA	NA	NA	1	1	NA	1	1	NA	1	1	1	1	1	NA	1	NA	NA	1	NA	1	1	1	1	1	NA	1	NA	1	1	NA	1
URI47	NA	NA	NA	NA	NA	NA	NA	NA	1	1	NA	1	1	NA	1	1	1	1	1	NA	1	NA	NA	1	NA	1	1	1	1	1	1	1	NA	1	1	NA	1
URI48	NA	NA	NA	NA	NA	NA	NA	1	NA	NA	NA	1	1	NA	NA	1	NA	1	1	1	1	NA	NA	1	NA	NA	NA	1	1	NA	1	NA	1	1	NA	NA	1
URI49	NA	NA	NA	NA	NA	NA	NA	NA	1	NA	1	1	1	NA	NA	1	NA	1	1	1	1	NA	NA	1	1	NA	1	NA	1	1	NA	NA	NA	1	NA	NA	1
UCT50	NA	NA	NA	NA	NA	NA	NA	NA	NA	NA	NA	1	NA	1	NA	1	NA	1	1	1	1	NA	NA	1	NA	NA	1	1	NA	1	NA	1	1	NA	NA	1	1
UCT51	NA	NA	NA	NA	NA	NA	NA	NA	1	1	NA	1	1	NA	1	1	NA	1	1	NA	1	1	NA	1	NA	1	1	1	1	1	1	NA	NA	1	NA	NA	1
URI52	NA	NA	NA	NA	NA	NA	NA	NA	1	1	NA	1	1	NA	1	1	NA	1	1	1	1	1	NA	1	NA	1	1	1	1	1	1	NA	NA	1	NA	NA	1
URI53	NA	NA	NA	NA	NA	NA	NA	NA	1	1	NA	1	1	NA	1	1	1	1	1	1	1	1	NA	1	NA	1	1	1	1	1	1	NA	NA	1	NA	NA	1
URI54	NA	NA	NA	NA	NA	NA	NA	NA	NA	NA	1	1	1	NA	NA	1	NA	1	1	NA	1	NA	NA	1	NA	1	1	1	1	1	NA	NA	1	NA	NA	1	1
URI55	NA	NA	NA	NA	NA	NA	NA	NA	NA	NA	1	1	1	1	NA	1	NA	1	1	1	1	NA	NA	1	NA	NA	1	1	NA	1	NA	1	1	NA	NA	NA	1
URI56	NA	NA	NA	NA	NA	NA	NA	NA	1	NA	NA	1	1	NA	1	1	1	1	1	1	1	1	NA	1	NA	1	1	1	1	1	1	NA	NA	1	NA	NA	1
URI57	NA	NA	NA	NA	NA	NA	NA	NA	NA	NA	NA	1	1	1	1	1	NA	1	1	1	1	NA	NA	1	1	1	1	1	1	1	1	1	NA	1	NA	NA	1
URI58	NA	NA	NA	NA	NA	NA	NA	NA	1	NA	NA	1	1	NA	1	1	NA	1	1	1	1	1	NA	1	NA	1	1	1	1	1	1	NA	NA	1	NA	NA	1
URI59	NA	NA	NA	NA	NA	NA	NA	NA	NA	NA	1	1	1	NA	NA	1	NA	1	1	NA	1	NA	NA	1	NA	1	1	1	1	1	NA	NA	1	NA	NA	1	1
URI60	NA	NA	NA	NA	NA	NA	NA	1	NA	NA	NA	1	1	NA	NA	1	1	1	1	1	1	NA	NA	1	NA	NA	NA	1	1	1	1	NA	1	1	NA	NA	1
URI61	NA	NA	NA	NA	NA	NA	NA	NA	NA	NA	1	1	1	1	1	1	NA	1	1	NA	1	1	NA	1	1	1	1	1	NA	1	1	1	1	1	NA	NA	1
UCT62	NA	NA	NA	NA	NA	NA	NA	NA	1	1	1	1	1	NA	NA	1	1	1	1	NA	1	NA	NA	1	NA	1	1	1	1	1	NA	1	NA	1	1	NA	1
URI63	NA	NA	NA	NA	NA	NA	NA	NA	NA	NA	1	1	NA	1	1	1	1	1	1	1	1	1	NA	1	NA	1	1	1	1	1	1	1	1	1	NA	NA	1
URI64	NA	NA	NA	NA	NA	NA	NA	NA	NA	1	NA	1	1	NA	1	1	NA	1	1	NA	1	NA	NA	1	NA	1	1	1	1	1	NA	1	NA	1	1	NA	1
URI65	NA	NA	NA	NA	NA	NA	NA	NA	NA	NA	1	1	1	1	1	1	1	1	1	1	1	1	NA	1	1	1	1	1	1	1	1	1	1	1	NA	NA	1
UCT66	NA	NA	NA	NA	NA	NA	NA	NA	NA	NA	1	1	1	1	1	1	1	1	1	1	1	1	NA	1	1	1	1	1	1	1	1	1	1	1	NA	NA	1
URI67	NA	NA	NA	NA	NA	NA	NA	NA	NA	NA	NA	1	1	1	1	1	NA	1	1	1	1	NA	NA	1	1	1	1	NA	1	1	1	1	NA	1	NA	NA	1
URI68	NA	NA	NA	NA	NA	NA	NA	NA	1	NA	NA	1	1	NA	NA	1	1	1	1	1	1	NA	NA	1	NA	NA	1	NA	1	1	NA	1	1	1	NA	NA	1
UCT69	NA	NA	NA	NA	NA	NA	NA	NA	1	NA	NA	1	1	NA	1	1	NA	1	1	NA	1	NA	NA	1	1	1	1	NA	1	1	1	1	NA	1	1	NA	1
URI70	NA	NA	NA	NA	NA	NA	NA	NA	NA	NA	NA	1	1	1	1	1	NA	1	1	1	1	NA	NA	1	1	1	1	1	1	1	1	1	NA	1	NA	NA	1
URI71	NA	NA	NA	NA	NA	NA	NA	NA	1	1	NA	1	1	NA	1	1	1	1	1	NA	1	NA	NA	1	NA	1	1	1	1	1	NA	1	NA	1	1	NA	1
URI72	NA	NA	NA	NA	NA	NA	NA	NA	NA	NA	1	1	1	1	1	1	NA	1	1	1	1	1	NA	1	NA	1	1	1	1	1	1	1	1	1	1	NA	1
UCT73	NA	NA	NA	NA	NA	NA	NA	NA	1	1	NA	1	1	NA	1	1	1	1	1	NA	1	NA	NA	1	NA	1	1	1	1	1	1	1	NA	1	1	NA	1
UCT74	NA	NA	NA	NA	NA	NA	NA	NA	NA	NA	1	1	1	1	1	1	1	1	1	1	1	1	NA	1	1	1	1	1	1	1	1	1	1	1	NA	NA	1
URI75	NA	NA	NA	NA	NA	NA	NA	NA	NA	NA	1	1	1	1	1	1	1	1	1	1	1	1	NA	1	1	1	1	1	1	1	1	1	1	1	NA	NA	1
UCT76	NA	NA	NA	NA	NA	NA	NA	NA	1	NA	1	1	1	NA	1	1	1	1	1	NA	1	NA	NA	1	NA	NA	1	1	1	1	NA	1	NA	1	1	NA	1
URI77	NA	NA	NA	NA	NA	NA	NA	NA	1	1	NA	1	1	NA	1	1	1	1	1	NA	1	NA	NA	1	NA	1	1	1	1	1	NA	1	NA	1	1	NA	1
URI78	NA	NA	NA	NA	NA	NA	NA	NA	NA	NA	NA	1	1	1	1	1	NA	1	1	1	1	NA	NA	1	1	1	1	1	1	1	1	1	NA	1	NA	NA	1
URI79	NA	NA	NA	NA	NA	NA	NA	NA	NA	NA	NA	1	1	1	1	1	NA	1	1	1	1	NA	NA	1	1	1	1	NA	1	1	1	1	NA	1	NA	NA	1
URI81	NA	NA	NA	NA	NA	NA	NA	1	NA	NA	NA	1	1	NA	NA	1	NA	1	1	1	1	NA	NA	1	NA	NA	NA	1	1	NA	1	NA	1	1	NA	NA	1
UCT83	NA	NA	NA	NA	NA	NA	NA	NA	1	1	1	1	1	NA	1	1	1	1	1	NA	1	NA	NA	1	NA	1	1	1	1	1	NA	1	NA	1	1	NA	1
URI84	NA	NA	NA	NA	NA	NA	NA	NA	1	NA	NA	1	1	1	1	1	1	1	1	1	1	NA	NA	NA	1	1	1	1	1	1	1	1	NA	1	1	NA	1
URI85	NA	NA	NA	NA	NA	NA	NA	1	NA	NA	NA	1	1	NA	NA	1	NA	NA	1	1	1	NA	NA	1	NA	NA	NA	1	1	NA	1	NA	1	1	NA	NA	1
URI86	NA	NA	NA	NA	NA	NA	NA	NA	1	1	NA	1	1	NA	1	1	1	1	1	NA	1	NA	NA	1	NA	NA	1	1	1	1	NA	1	NA	1	1	NA	1
URI87	NA	NA	NA	NA	NA	NA	NA	NA	NA	NA	1	1	1	1	1	1	NA	1	1	1	1	1	NA	1	NA	1	1	1	1	1	NA	1	1	1	NA	NA	1
URI88	NA	NA	NA	NA	NA	NA	NA	1	1	NA	1	1	1	NA	1	1	1	1	1	NA	1	NA	NA	1	1	1	1	1	1	1	1	NA	NA	1	1	NA	1
URI89	NA	NA	NA	NA	NA	NA	NA	NA	NA	NA	1	1	1	1	1	1	1	1	1	1	1	1	NA	1	1	1	1	1	1	1	1	1	1	1	NA	NA	1
URI90	NA	NA	NA	NA	NA	NA	NA	1	NA	NA	1	1	1	NA	NA	1	NA	1	1	1	1	NA	NA	1	NA	NA	1	1	1	NA	1	NA	1	1	NA	1	1
URI91	NA	NA	NA	NA	NA	NA	NA	NA	NA	1	1	1	1	1	1	1	1	1	1	1	1	1	NA	1	1	1	1	1	1	1	1	1	1	1	NA	NA	1
UCT92	NA	NA	NA	NA	NA	NA	NA	NA	1	1	1	1	1	NA	1	1	1	1	1	NA	1	NA	NA	1	1	1	1	1	1	1	1	1	NA	1	1	NA	1
URI93	NA	NA	NA	NA	NA	NA	NA	NA	NA	NA	1	1	1	1	1	1	1	1	1	1	1	1	NA	1	NA	1	1	1	NA	1	NA	1	1	NA	NA	NA	1
URI94	NA	NA	NA	NA	NA	NA	NA	NA	1	1	NA	1	1	NA	1	1	1	1	1	NA	1	NA	NA	1	NA	1	1	1	1	1	NA	1	NA	1	1	NA	1
UCT96	NA	NA	NA	NA	NA	NA	NA	NA	NA	1	NA	1	1	1	1	1	NA	1	1	1	1	NA	NA	1	1	1	1	NA	1	1	1	1	NA	1	NA	NA	1
URI97	NA	NA	NA	NA	NA	NA	NA	NA	1	1	NA	1	1	NA	1	1	1	1	1	NA	1	NA	NA	NA	NA	1	1	1	1	1	NA	1	NA	1	1	NA	1
URI98	NA	NA	NA	NA	NA	NA	NA	NA	1	NA	NA	1	1	NA	1	1	1	1	1	NA	1	NA	NA	NA	NA	1	1	1	1	1	NA	1	1	1	1	NA	1
URI99	NA	NA	NA	NA	NA	NA	NA	NA	NA	NA	1	1	1	NA	NA	1	1	1	1	1	1	NA	NA	1	NA	NA	1	NA	1	1	NA	1	1	1	NA	NA	1
URI100	NA	NA	NA	NA	NA	NA	NA	NA	NA	1	NA	1	1	1	1	1	NA	1	1	1	1	NA	NA	1	1	1	1	NA	1	1	1	1	NA	1	NA	NA	1
URI101	NA	NA	NA	NA	NA	NA	NA	NA	NA	NA	1	1	1	1	1	1	1	1	1	1	1	1	NA	1	NA	1	1	1	1	1	NA	1	1	1	NA	NA	1
URI102	NA	NA	NA	NA	NA	NA	NA	NA	NA	NA	1	1	1	1	1	1	NA	1	1	1	1	1	NA	1	NA	1	1	1	NA	1	NA	1	1	NA	NA	NA	1
URI103	NA	NA	NA	NA	NA	NA	NA	NA	1	1	NA	1	1	NA	1	1	1	1	1	NA	1	NA	NA	1	NA	1	1	1	1	1	NA	1	NA	1	1	NA	1
UCT104	NA	NA	NA	NA	NA	NA	NA	NA	1	1	1	1	1	NA	1	1	1	1	1	NA	1	NA	NA	1	NA	1	1	1	1	1	1	1	NA	1	1	NA	1
URI105	NA	NA	NA	NA	NA	NA	NA	NA	NA	NA	1	1	1	1	1	1	1	1	1	1	1	1	NA	1	NA	1	1	1	NA	1	NA	1	1	NA	NA	NA	1
UCT106	NA	NA	NA	NA	NA	NA	NA	NA	1	NA	NA	1	1	NA	NA	1	NA	1	1	1	1	NA	NA	1	1	NA	1	NA	1	1	NA	1	1	1	NA	NA	1
URI107	NA	NA	NA	NA	NA	NA	NA	NA	NA	NA	1	1	1	1	1	1	NA	1	1	1	1	1	NA	1	NA	1	1	1	1	1	NA	1	1	1	NA	NA	1
URI108	NA	NA	NA	NA	NA	NA	NA	NA	NA	1	NA	1	1	1	1	1	NA	1	1	1	1	NA	NA	1	1	1	1	NA	1	1	1	1	NA	1	NA	NA	1
UCT109	NA	NA	NA	NA	NA	NA	NA	NA	NA	NA	1	1	1	1	1	1	NA	1	1	1	1	1	NA	1	NA	1	1	1	1	1	NA	1	1	NA	NA	NA	1
UCT110	NA	NA	NA	NA	NA	NA	NA	NA	1	1	NA	1	1	NA	1	1	1	1	1	NA	1	NA	NA	1	NA	1	1	1	1	1	1	1	NA	1	1	NA	1
URI111	NA	NA	NA	NA	NA	NA	NA	NA	NA	NA	1	1	1	1	1	1	1	1	1	1	1	1	NA	1	NA	1	1	1	1	1	NA	1	1	1	NA	NA	1
URI112	NA	NA	NA	NA	NA	NA	NA	NA	1	1	NA	1	1	NA	1	1	1	1	1	NA	1	NA	NA	1	NA	1	1	1	1	1	1	1	NA	1	1	NA	1
UCT113	NA	NA	NA	NA	NA	NA	NA	NA	1	1	NA	1	1	NA	1	1	1	1	1	NA	1	NA	NA	1	1	1	1	NA	1	1	1	1	1	1	1	NA	1
URI114	NA	NA	NA	NA	NA	NA	NA	NA	1	1	NA	1	1	NA	1	1	NA	1	1	1	1	1	NA	1	NA	1	1	1	1	1	1	NA	NA	1	NA	NA	1
UCT115	NA	NA	NA	NA	NA	NA	NA	NA	1	1	NA	1	1	NA	1	1	NA	1	1	NA	1	NA	NA	1	1	1	1	1	NA	1	1	NA	NA	1	1	NA	1
URI116	NA	NA	NA	NA	NA	NA	NA	NA	1	1	NA	1	1	NA	NA	1	NA	1	1	1	1	NA	NA	1	NA	1	1	1	1	1	1	NA	1	1	1	NA	1
URI117	NA	NA	NA	NA	NA	NA	NA	NA	1	1	NA	1	1	NA	1	1	1	1	1	NA	1	NA	NA	1	NA	1	1	1	1	1	NA	1	NA	1	1	NA	1
URI118	NA	NA	NA	NA	NA	NA	NA	NA	1	1	NA	1	1	NA	1	1	1	1	1	NA	1	NA	NA	1	NA	1	1	1	1	1	NA	1	NA	1	1	NA	1
URI119	NA	NA	NA	NA	NA	NA	NA	NA	NA	NA	1	1	1	1	1	1	NA	1	1	1	1	1	NA	1	NA	1	1	1	1	NA	NA	1	1	1	NA	NA	1
URI120	NA	NA	NA	NA	NA	NA	NA	NA	NA	NA	1	1	1	1	1	1	1	1	1	1	1	1	NA	1	1	1	1	1	1	1	1	1	1	1	1	NA	1
UCT121	NA	NA	NA	NA	NA	NA	NA	NA	NA	NA	NA	1	1	1	1	1	NA	1	1	1	1	NA	NA	1	1	1	1	1	1	1	1	1	NA	1	NA	NA	1
URI122	NA	NA	NA	NA	NA	NA	NA	NA	1	1	NA	1	1	NA	1	1	1	1	1	NA	1	NA	NA	1	NA	1	1	1	1	1	1	1	NA	1	1	NA	1
UMA127	NA	NA	NA	NA	NA	NA	NA	NA	1	NA	1	1	1	NA	1	1	NA	1	1	NA	1	NA	NA	1	1	1	1	1	1	1	1	1	1	1	1	NA	1
UNY129	NA	NA	NA	NA	NA	NA	NA	NA	NA	NA	1	1	1	1	1	1	NA	1	1	1	1	1	NA	1	NA	1	1	1	1	1	NA	1	1	NA	NA	NA	1
UNY130	NA	NA	NA	NA	NA	NA	NA	NA	1	1	NA	1	1	NA	1	1	1	1	1	NA	1	NA	NA	1	NA	1	1	1	1	1	1	1	NA	1	1	NA	1
UNY131	NA	NA	NA	NA	NA	NA	NA	NA	1	NA	NA	1	1	NA	NA	1	NA	1	1	NA	1	NA	NA	1	NA	1	1	1	1	1	NA	NA	1	1	NA	NA	1
UNY132	NA	NA	NA	NA	NA	NA	NA	NA	1	NA	1	1	1	NA	1	1	1	1	1	1	1	1	NA	1	1	1	1	1	1	1	1	NA	NA	1	NA	NA	1
UNY133	NA	NA	NA	NA	NA	NA	NA	NA	1	NA	NA	1	1	NA	NA	1	NA	1	1	1	1	NA	NA	1	1	NA	NA	NA	1	1	NA	NA	NA	1	NA	1	1
UNY134	NA	NA	NA	NA	NA	NA	NA	NA	NA	NA	NA	1	1	NA	NA	1	NA	1	1	1	1	NA	NA	1	NA	NA	1	NA	1	NA	1	1	1	1	NA	NA	1
UNY135	NA	NA	NA	NA	NA	NA	NA	NA	1	1	NA	1	1	NA	1	1	NA	1	1	1	1	1	NA	1	NA	1	1	1	1	1	1	NA	NA	1	NA	NA	1
UNY136	NA	NA	NA	NA	NA	NA	NA	NA	NA	NA	NA	1	1	1	NA	1	NA	1	1	1	1	NA	NA	1	NA	NA	1	1	NA	1	NA	1	1	NA	NA	NA	1
UNY137	NA	NA	NA	NA	NA	NA	NA	NA	1	NA	NA	1	1	1	NA	1	NA	1	NA	1	1	NA	NA	1	1	NA	NA	NA	NA	NA	NA	1	NA	1	NA	NA	1
UNY138	NA	NA	NA	NA	NA	NA	NA	1	NA	NA	NA	1	1	1	NA	1	NA	NA	1	1	1	NA	NA	1	NA	NA	NA	1	1	NA	1	NA	1	1	NA	NA	1
UNY139	NA	NA	NA	NA	NA	NA	NA	NA	NA	NA	NA	1	1	1	1	1	NA	1	1	1	1	NA	NA	1	1	1	1	NA	1	1	1	1	NA	1	NA	NA	1
UNY140	NA	NA	NA	NA	NA	NA	NA	NA	NA	NA	NA	1	1	1	NA	1	NA	1	1	1	1	NA	NA	1	NA	NA	1	1	NA	1	NA	1	1	NA	NA	NA	1
UNY141	NA	NA	NA	NA	NA	NA	NA	NA	1	NA	NA	1	1	NA	NA	1	1	1	1	1	1	NA	NA	1	1	NA	NA	NA	1	1	NA	NA	NA	1	NA	1	1
UNY142	NA	NA	NA	NA	NA	NA	NA	NA	1	NA	NA	1	1	NA	NA	1	NA	NA	1	NA	1	NA	NA	1	NA	1	1	1	1	1	NA	NA	1	1	NA	NA	1
UNY143	NA	NA	NA	NA	NA	NA	NA	NA	1	NA	NA	1	1	1	NA	1	NA	1	NA	1	1	NA	NA	1	NA	1	1	1	NA	1	NA	1	NA	NA	NA	NA	1
UNY144	NA	NA	NA	NA	NA	NA	NA	NA	NA	NA	NA	1	1	NA	NA	1	NA	1	1	NA	1	1	NA	1	NA	NA	NA	1	1	1	NA	NA	1	1	NA	NA	1
UNY145	NA	NA	NA	NA	NA	NA	NA	NA	NA	NA	1	1	1	1	1	1	NA	1	1	1	1	1	NA	1	NA	1	1	1	1	1	NA	1	1	1	NA	NA	1
UNY146	NA	NA	NA	NA	NA	NA	NA	NA	1	1	NA	1	1	NA	1	1	1	1	1	NA	1	NA	NA	1	1	1	1	1	1	1	1	1	NA	1	1	NA	1
UNY147	NA	NA	NA	NA	NA	NA	NA	NA	1	NA	NA	1	NA	NA	NA	1	NA	1	NA	NA	NA	NA	NA	NA	NA	NA	NA	NA	NA	NA	NA	NA	NA	NA	NA	NA	1
UNY148	NA	NA	NA	NA	NA	NA	NA	NA	1	1	NA	1	1	NA	1	1	NA	1	1	NA	1	NA	NA	1	1	1	1	1	1	1	1	NA	NA	1	1	NA	1
UNY149	NA	NA	NA	NA	NA	NA	NA	NA	1	1	NA	1	1	NA	1	1	1	1	1	NA	1	NA	NA	1	NA	1	1	1	1	1	1	1	NA	1	NA	NA	1
UNY150	NA	NA	NA	NA	NA	NA	NA	NA	NA	NA	NA	1	1	1	1	1	NA	1	1	1	1	NA	NA	1	1	1	1	NA	1	1	1	1	NA	1	NA	NA	1
UNY151	NA	NA	NA	NA	NA	NA	NA	NA	1	1	NA	1	1	NA	1	1	1	1	1	NA	1	NA	NA	1	1	NA	1	1	1	NA	1	1	1	1	1	NA	1
UNY152	NA	NA	NA	NA	NA	NA	NA	NA	NA	NA	NA	1	1	NA	NA	1	1	1	1	1	1	NA	NA	1	NA	NA	1	1	NA	1	NA	1	1	1	NA	NA	1
UNY153	NA	NA	NA	NA	NA	NA	NA	NA	NA	NA	1	1	1	1	1	1	NA	1	1	1	1	1	NA	1	NA	1	1	1	1	1	NA	1	1	1	NA	NA	1
UNY154	NA	NA	NA	NA	NA	NA	NA	NA	1	1	NA	1	1	NA	1	1	1	1	1	NA	1	NA	NA	1	NA	1	1	1	1	1	NA	1	NA	1	1	NA	1
UNY155	NA	NA	NA	NA	NA	NA	NA	NA	1	1	NA	1	1	NA	1	1	1	1	1	NA	1	NA	NA	1	NA	1	1	1	1	1	1	1	NA	1	1	NA	1
UNY156	NA	NA	NA	NA	NA	NA	NA	NA	1	1	NA	1	1	NA	1	1	1	1	1	NA	1	NA	NA	1	1	1	1	1	1	1	1	1	NA	1	1	NA	1
UNY157	NA	NA	NA	NA	NA	NA	NA	NA	NA	NA	NA	1	1	1	1	1	NA	1	1	1	1	NA	NA	1	1	1	1	1	1	1	1	1	NA	1	NA	NA	1
UNY158	NA	NA	NA	NA	NA	NA	NA	NA	1	1	NA	1	NA	NA	NA	1	NA	1	1	NA	1	NA	NA	1	NA	1	1	1	1	1	NA	NA	1	1	NA	NA	1
UNY159	NA	NA	NA	NA	NA	NA	NA	NA	NA	NA	NA	1	1	NA	NA	1	NA	1	1	NA	1	1	NA	1	NA	NA	NA	1	1	1	1	NA	1	1	NA	NA	1
UNY160	NA	NA	NA	NA	NA	NA	NA	NA	1	1	NA	1	1	NA	1	1	1	1	1	NA	1	NA	NA	1	1	1	1	1	1	1	NA	1	NA	1	1	NA	1
UNY161	NA	NA	NA	NA	NA	NA	NA	NA	NA	NA	1	1	1	1	1	1	NA	1	1	1	1	1	NA	1	1	1	1	1	1	1	1	1	1	1	NA	NA	1
UNY162	NA	NA	NA	NA	NA	NA	NA	1	NA	NA	NA	1	1	NA	NA	1	NA	1	1	1	1	NA	NA	NA	NA	NA	NA	1	1	1	1	NA	1	1	NA	NA	1
UNY163	NA	NA	NA	NA	NA	NA	NA	NA	NA	NA	NA	1	1	1	1	1	NA	1	1	1	1	NA	NA	1	1	1	1	NA	1	1	1	1	NA	1	NA	NA	1
UNY164	NA	NA	NA	NA	NA	NA	NA	NA	1	1	NA	1	1	NA	1	1	1	1	1	NA	1	NA	NA	1	1	1	1	NA	1	1	NA	NA	NA	1	1	NA	1
UNY165	NA	NA	NA	NA	NA	NA	NA	NA	NA	NA	1	1	1	NA	NA	1	1	1	1	NA	1	NA	NA	1	NA	1	1	1	1	1	NA	NA	1	NA	NA	1	1
UNY166	NA	NA	NA	NA	NA	NA	NA	1	1	NA	1	1	1	NA	NA	1	NA	NA	1	1	1	NA	NA	1	NA	NA	NA	1	1	NA	1	NA	1	1	NA	NA	1
UNY167	NA	NA	NA	NA	NA	NA	NA	NA	1	NA	1	NA	1	NA	NA	1	NA	1	1	1	1	1	NA	1	NA	1	1	1	1	1	1	NA	NA	1	NA	NA	1
UNY168	NA	NA	NA	NA	NA	NA	NA	NA	1	NA	1	1	1	NA	1	1	NA	1	1	NA	1	NA	NA	1	1	1	NA	1	NA	1	NA	NA	NA	1	1	NA	1
UNY169	NA	NA	NA	NA	NA	NA	NA	NA	NA	NA	NA	1	1	1	NA	1	NA	1	1	1	1	NA	NA	1	NA	NA	1	1	NA	1	NA	1	1	NA	NA	NA	1
UNY170	NA	NA	NA	NA	NA	NA	NA	NA	NA	NA	1	1	1	1	1	1	NA	1	1	1	1	1	NA	1	NA	1	1	1	1	1	NA	1	1	1	NA	NA	1
UNY171	NA	NA	NA	NA	NA	NA	NA	NA	1	NA	NA	1	1	NA	NA	1	NA	1	1	1	1	NA	NA	1	1	NA	NA	NA	1	1	NA	NA	NA	NA	NA	1	1
UNY172	NA	NA	NA	NA	NA	NA	NA	NA	NA	NA	NA	1	1	1	NA	1	NA	1	NA	1	1	NA	NA	1	NA	1	1	1	NA	1	NA	1	NA	NA	NA	NA	1
UNY173	NA	NA	NA	NA	NA	NA	NA	1	1	NA	NA	1	1	NA	NA	1	NA	1	1	NA	1	NA	NA	1	NA	NA	NA	NA	1	1	NA	NA	1	NA	NA	1	1
UNY174	NA	NA	NA	NA	NA	NA	NA	NA	NA	NA	NA	1	1	1	1	1	NA	1	1	1	1	NA	NA	1	1	1	1	NA	1	1	1	1	NA	1	NA	NA	1
UNY175	NA	NA	NA	NA	NA	NA	NA	NA	NA	NA	NA	1	1	NA	NA	1	NA	1	1	NA	1	NA	NA	1	NA	1	1	1	1	1	NA	NA	1	NA	NA	NA	1
UNY176	NA	NA	NA	NA	NA	NA	NA	NA	NA	1	NA	1	1	1	1	1	NA	1	1	1	1	NA	NA	1	1	1	1	NA	1	1	1	1	NA	1	NA	NA	1
UNY177	NA	NA	NA	NA	NA	NA	NA	NA	1	1	NA	1	1	NA	1	1	1	NA	1	NA	1	NA	NA	1	NA	1	1	1	1	1	NA	1	NA	1	1	NA	1
UNY178	NA	NA	NA	NA	NA	NA	NA	NA	NA	NA	NA	1	1	NA	NA	1	NA	1	1	NA	1	NA	NA	1	NA	NA	NA	NA	1	NA	NA	NA	1	NA	NA	1	1
UNY179	NA	NA	NA	NA	NA	NA	NA	NA	1	1	NA	1	1	NA	1	1	1	1	1	NA	1	NA	NA	1	NA	1	1	1	1	NA	1	1	NA	NA	NA	NA	1
UNY180	NA	NA	NA	NA	NA	NA	NA	NA	1	1	NA	1	1	NA	1	1	1	1	1	NA	1	NA	NA	1	1	1	1	1	1	1	NA	1	NA	1	1	NA	1
UNY181	NA	NA	NA	NA	NA	NA	NA	NA	1	1	1	1	1	NA	1	1	1	1	1	NA	1	NA	NA	1	NA	1	1	1	1	1	NA	1	NA	1	1	NA	1
UNY182	NA	NA	NA	NA	NA	NA	NA	NA	1	1	NA	1	1	NA	1	1	1	1	1	NA	1	NA	NA	1	NA	1	1	1	1	1	NA	1	1	1	1	NA	1
UNY183	NA	NA	NA	NA	NA	NA	NA	NA	1	NA	1	1	1	NA	1	1	NA	1	1	1	1	1	NA	1	NA	1	NA	1	1	1	1	NA	NA	1	NA	NA	1
UNY184	NA	NA	NA	NA	NA	NA	NA	NA	NA	NA	1	1	1	1	1	1	1	1	1	1	1	1	NA	1	NA	1	1	1	1	1	NA	1	1	NA	NA	NA	1
UNY185	NA	NA	NA	NA	NA	NA	NA	NA	1	NA	NA	1	1	NA	1	1	1	1	1	NA	1	NA	NA	1	NA	1	1	1	1	1	1	1	1	1	1	NA	1
UNY187	NA	NA	NA	NA	NA	NA	NA	NA	NA	NA	NA	1	1	1	1	1	NA	1	1	1	1	NA	NA	1	1	NA	1	NA	1	1	1	1	NA	1	NA	NA	1
UNY188	NA	NA	NA	NA	NA	NA	NA	NA	1	1	NA	1	1	NA	1	1	1	1	1	NA	1	NA	NA	1	NA	1	1	1	1	1	NA	1	NA	1	1	NA	1
UNY189	NA	NA	NA	NA	NA	NA	NA	NA	1	NA	NA	1	1	NA	1	1	1	1	1	1	1	1	NA	1	NA	1	1	1	1	1	1	NA	NA	1	NA	NA	1
UNY190	NA	NA	NA	NA	NA	NA	NA	NA	NA	NA	NA	1	1	1	1	1	NA	1	1	1	1	NA	NA	1	1	1	1	1	1	1	1	1	NA	1	NA	NA	1
UNY191	NA	NA	NA	NA	NA	NA	NA	NA	1	NA	NA	1	1	NA	1	1	NA	1	1	NA	1	NA	NA	1	1	NA	1	1	1	1	1	NA	NA	1	1	NA	1
UNY192	NA	NA	NA	NA	NA	NA	NA	NA	NA	NA	1	1	1	1	1	1	1	1	1	1	1	1	NA	1	NA	NA	1	1	1	1	NA	1	1	1	NA	NA	1
UNY193	NA	NA	NA	NA	NA	NA	NA	1	1	NA	1	1	1	1	1	1	1	1	1	1	1	NA	NA	1	NA	NA	1	1	1	1	NA	1	NA	1	NA	1	1
UNY194	NA	NA	NA	NA	NA	NA	NA	NA	1	1	NA	1	1	NA	1	1	1	1	1	NA	1	NA	NA	1	NA	1	1	1	1	1	1	1	NA	1	1	NA	1
UNY195	NA	NA	NA	NA	NA	NA	NA	NA	NA	NA	1	1	1	1	1	1	NA	1	1	1	1	1	NA	1	NA	1	1	1	1	1	NA	1	1	1	NA	NA	1
UNY196	NA	NA	NA	NA	NA	NA	NA	NA	1	NA	NA	NA	1	NA	NA	1	1	1	1	1	1	1	NA	NA	NA	NA	1	1	NA	NA	NA	NA	NA	NA	NA	NA	1
UNY197	NA	NA	NA	NA	NA	NA	NA	NA	1	1	NA	1	1	NA	1	1	1	1	1	NA	1	NA	NA	1	NA	1	1	1	1	1	NA	1	NA	1	1	NA	1
UNY199	NA	NA	NA	NA	NA	NA	NA	NA	NA	NA	NA	1	1	1	NA	1	NA	NA	1	1	1	NA	NA	1	NA	NA	1	1	NA	1	NA	1	1	NA	NA	NA	1
UNY200	NA	NA	NA	NA	NA	NA	NA	NA	NA	NA	1	NA	1	1	1	1	NA	NA	1	1	1	1	NA	1	NA	1	1	1	1	1	NA	1	1	1	NA	NA	1
UNY201	NA	NA	NA	NA	NA	NA	NA	NA	1	NA	NA	1	NA	NA	NA	1	NA	1	NA	NA	NA	NA	NA	NA	NA	NA	NA	NA	1	NA	NA	1	1	NA	NA	NA	1
UNY202	NA	NA	NA	NA	NA	NA	NA	1	NA	NA	1	1	1	NA	NA	1	1	1	1	1	1	NA	NA	1	NA	NA	NA	1	1	NA	1	NA	1	1	NA	NA	1
UNY203	NA	NA	NA	NA	NA	NA	NA	NA	1	NA	1	1	1	NA	NA	1	NA	NA	1	NA	1	NA	NA	1	NA	NA	NA	1	1	1	NA	NA	1	NA	NA	1	1
UNY204	NA	NA	NA	NA	NA	NA	NA	NA	1	1	NA	1	1	1	NA	1	NA	1	NA	1	1	NA	NA	1	NA	1	1	1	NA	1	NA	1	NA	NA	NA	NA	1
UNY205	NA	NA	NA	NA	NA	NA	NA	NA	1	NA	NA	1	1	NA	1	1	NA	1	1	1	1	1	NA	1	NA	1	NA	1	1	1	1	NA	NA	1	NA	NA	1
UNY206	NA	NA	NA	NA	NA	NA	NA	1	NA	NA	NA	1	1	NA	NA	1	NA	1	1	1	1	NA	NA	1	NA	NA	NA	1	1	NA	1	NA	1	1	NA	NA	1
UNY207	NA	NA	NA	NA	NA	NA	NA	NA	1	NA	NA	1	1	NA	1	1	NA	1	1	NA	1	NA	NA	1	1	NA	1	1	1	NA	1	NA	1	1	1	NA	1
UNY208	NA	NA	NA	NA	NA	NA	NA	NA	1	NA	1	1	1	NA	1	1	NA	1	1	NA	1	NA	NA	1	1	1	1	1	NA	1	1	NA	NA	1	1	NA	1
UNY209	NA	NA	NA	NA	NA	NA	NA	NA	1	NA	1	1	1	NA	1	1	NA	1	1	1	1	1	NA	1	NA	1	NA	1	1	1	1	NA	NA	1	NA	NA	1
UNY210	NA	NA	NA	NA	NA	NA	NA	NA	NA	NA	NA	1	NA	NA	NA	1	NA	1	NA	NA	1	1	NA	NA	NA	NA	NA	NA	NA	NA	1	NA	1	NA	NA	NA	1
UNY211	NA	NA	NA	NA	NA	NA	NA	NA	1	1	NA	1	1	NA	1	1	1	1	1	NA	1	NA	NA	1	1	1	1	1	1	1	NA	1	NA	1	1	NA	1
UNY212	NA	NA	NA	NA	NA	NA	NA	NA	1	1	NA	1	1	NA	1	1	1	1	1	NA	1	NA	NA	1	1	1	1	1	1	1	1	1	NA	1	1	NA	1
UNY213	NA	NA	NA	NA	NA	NA	NA	NA	1	NA	1	1	1	NA	NA	1	1	1	1	NA	1	NA	NA	1	1	NA	NA	NA	1	NA	NA	NA	NA	1	NA	1	1
UNY214	NA	NA	NA	NA	NA	NA	NA	NA	1	1	NA	1	1	NA	NA	1	NA	1	NA	NA	1	NA	NA	NA	NA	1	NA	NA	1	1	NA	1	1	NA	NA	NA	1
UNY215	NA	NA	NA	NA	NA	NA	NA	NA	NA	1	NA	1	1	NA	NA	1	NA	1	1	NA	1	NA	NA	1	NA	1	1	1	1	1	NA	NA	1	NA	NA	1	1
UNY216	NA	NA	NA	NA	NA	NA	NA	NA	1	NA	NA	1	1	1	NA	1	NA	1	NA	NA	1	NA	NA	1	NA	NA	1	1	NA	1	NA	1	NA	NA	NA	NA	1
UNY217	NA	NA	NA	NA	NA	NA	NA	NA	NA	NA	NA	1	1	NA	NA	1	NA	1	1	NA	1	NA	NA	1	1	NA	1	1	1	NA	NA	1	1	NA	NA	NA	1
UNY218	NA	NA	NA	NA	NA	NA	NA	NA	NA	NA	NA	1	NA	NA	NA	1	NA	NA	1	NA	1	NA	NA	1	1	NA	1	NA	NA	NA	NA	NA	NA	NA	NA	NA	1
URI219	NA	NA	NA	NA	NA	NA	NA	NA	NA	NA	1	1	1	1	1	1	NA	1	1	1	1	1	NA	1	NA	1	1	1	1	1	NA	1	1	NA	NA	NA	1
UWI220	NA	NA	NA	NA	NA	NA	NA	NA	NA	1	NA	1	1	NA	NA	1	NA	1	1	1	1	NA	NA	1	NA	NA	NA	1	1	1	NA	1	1	1	NA	1	1
UWI221	NA	NA	NA	NA	NA	NA	NA	NA	NA	NA	NA	1	1	NA	1	1	NA	1	1	NA	1	NA	NA	1	1	NA	1	NA	1	1	NA	NA	NA	1	1	NA	1
UWI222	NA	NA	NA	NA	NA	NA	NA	NA	NA	NA	NA	1	1	NA	1	1	NA	1	1	NA	1	NA	NA	1	1	1	1	NA	1	1	NA	NA	1	1	1	NA	1
UWI223	NA	NA	NA	NA	NA	NA	NA	NA	NA	NA	NA	1	1	NA	1	1	NA	1	1	NA	1	NA	NA	1	1	1	1	NA	1	1	NA	1	NA	NA	NA	NA	1
UWI224	NA	NA	NA	NA	NA	NA	NA	NA	NA	NA	NA	1	1	NA	1	1	NA	1	1	NA	1	NA	NA	1	1	1	1	NA	1	1	NA	NA	NA	1	NA	NA	1
UWI225	NA	NA	NA	NA	NA	NA	NA	NA	1	1	NA	1	1	1	NA	1	NA	1	1	1	1	NA	NA	1	NA	NA	NA	1	1	1	NA	1	1	1	NA	1	1
UWI226	NA	NA	NA	NA	NA	NA	NA	NA	NA	NA	NA	1	1	1	NA	1	NA	1	NA	1	1	NA	NA	1	1	1	1	1	NA	NA	NA	1	NA	NA	NA	NA	1
UWI227	NA	NA	NA	NA	NA	NA	NA	NA	NA	NA	NA	1	1	NA	1	1	NA	1	1	NA	1	NA	NA	1	1	1	1	NA	1	1	NA	NA	NA	1	1	NA	1
UWI228	NA	NA	NA	NA	NA	NA	NA	NA	NA	NA	NA	1	1	NA	1	1	NA	1	1	NA	1	NA	NA	1	1	1	1	NA	1	1	NA	1	NA	NA	NA	NA	1
UWI229	NA	NA	NA	NA	NA	NA	NA	NA	1	NA	1	1	1	1	NA	1	NA	1	1	1	1	NA	NA	1	1	NA	NA	NA	NA	1	NA	1	1	NA	NA	1	1
UWI230	NA	NA	NA	NA	NA	NA	NA	NA	NA	NA	NA	1	1	NA	NA	1	NA	1	1	1	1	NA	NA	1	NA	NA	NA	1	1	NA	NA	NA	1	NA	NA	1	1
UWI231	NA	NA	NA	NA	NA	NA	NA	NA	NA	NA	NA	1	1	NA	NA	1	NA	1	1	NA	1	NA	NA	1	NA	1	1	1	1	1	NA	1	1	NA	NA	1	1
UWI232	NA	NA	NA	NA	NA	NA	NA	NA	NA	NA	NA	1	1	NA	1	1	NA	1	1	NA	1	NA	NA	1	1	NA	1	NA	1	1	1	1	NA	NA	NA	NA	1
UWI233	NA	NA	NA	NA	NA	NA	NA	NA	NA	NA	NA	1	1	NA	NA	1	NA	1	1	NA	1	NA	NA	1	NA	1	1	1	1	1	NA	1	1	1	NA	1	1
UWI234	NA	NA	NA	NA	NA	NA	NA	NA	1	NA	NA	1	1	NA	1	1	NA	1	1	NA	1	NA	NA	1	NA	1	1	1	1	NA	1	1	NA	1	NA	NA	1
UWI235	NA	NA	NA	NA	NA	NA	NA	NA	NA	NA	NA	1	1	NA	NA	1	NA	1	1	NA	1	1	NA	1	1	NA	1	1	1	1	NA	1	1	NA	NA	NA	1
UWI236	NA	NA	NA	NA	NA	NA	NA	NA	1	NA	NA	1	1	NA	NA	1	NA	1	1	NA	1	NA	NA	1	NA	NA	1	1	1	NA	NA	1	1	1	NA	NA	1
UWI237	NA	NA	NA	NA	NA	NA	NA	NA	NA	NA	NA	1	1	1	NA	1	NA	1	1	1	1	NA	NA	1	NA	NA	NA	NA	NA	1	NA	1	NA	1	NA	1	1
UWI238	NA	NA	NA	NA	NA	NA	NA	NA	1	NA	NA	1	1	NA	1	1	NA	1	1	NA	1	NA	NA	1	NA	1	NA	1	1	NA	1	1	1	1	NA	NA	1
UWI239	NA	NA	NA	NA	NA	NA	NA	NA	1	NA	NA	1	1	1	NA	1	NA	1	NA	1	1	NA	NA	1	1	1	1	1	NA	NA	NA	1	NA	NA	NA	NA	1
UWI240	NA	NA	NA	NA	NA	NA	NA	NA	NA	NA	NA	1	1	1	NA	1	NA	1	NA	1	1	NA	NA	1	NA	NA	1	1	NA	NA	NA	1	NA	NA	NA	1	1
UWI241	NA	NA	NA	NA	NA	NA	NA	NA	1	NA	NA	1	1	NA	NA	1	NA	1	1	NA	1	NA	NA	1	NA	1	1	1	1	NA	NA	1	1	1	NA	1	1
UWI242	NA	NA	NA	NA	NA	NA	NA	NA	NA	NA	NA	1	1	1	1	1	NA	1	1	1	1	NA	NA	1	NA	1	1	NA	1	NA	NA	1	NA	1	NA	NA	1
UWI243	NA	NA	NA	NA	NA	NA	NA	NA	NA	NA	NA	1	1	NA	1	1	NA	1	1	NA	1	NA	NA	NA	1	1	1	NA	1	1	1	1	NA	NA	NA	NA	1
UWI244	NA	NA	NA	NA	NA	NA	NA	NA	NA	NA	NA	1	1	NA	1	1	NA	1	1	1	1	1	NA	1	1	1	1	NA	1	NA	NA	1	1	1	NA	NA	1
UWI245	NA	NA	NA	NA	NA	NA	NA	NA	1	NA	NA	1	1	1	NA	1	NA	1	1	1	1	NA	NA	1	NA	NA	1	1	NA	1	1	1	1	1	NA	1	1
UWI246	NA	NA	NA	NA	NA	NA	NA	NA	1	NA	NA	1	1	NA	NA	1	NA	1	1	1	1	NA	NA	1	NA	NA	NA	1	1	NA	NA	NA	1	1	NA	1	1
UWI247	NA	NA	NA	NA	NA	NA	NA	NA	NA	NA	NA	1	1	NA	1	1	NA	1	1	NA	1	NA	NA	1	1	1	1	NA	1	1	NA	NA	NA	1	NA	NA	1
UWI248	NA	NA	NA	NA	NA	NA	NA	NA	NA	NA	NA	1	1	NA	1	1	NA	1	1	NA	1	NA	NA	1	1	1	1	NA	1	1	NA	NA	NA	1	1	NA	1
UWI249	NA	NA	NA	NA	NA	NA	NA	NA	1	NA	NA	1	1	1	NA	1	NA	1	NA	1	1	NA	NA	1	NA	NA	1	1	NA	NA	NA	1	NA	1	NA	1	1
UWI250	NA	NA	NA	NA	NA	NA	NA	NA	1	NA	NA	1	1	NA	1	1	NA	1	1	NA	1	NA	NA	1	1	NA	1	NA	1	1	NA	NA	NA	1	1	NA	1
UWI251	NA	NA	NA	NA	NA	NA	NA	NA	NA	NA	NA	1	1	1	1	1	NA	1	1	1	1	NA	NA	1	1	1	NA	1	1	NA	NA	1	1	1	NA	NA	1
UWI252	NA	NA	NA	NA	NA	NA	NA	NA	NA	NA	NA	1	1	NA	1	1	NA	NA	1	NA	1	NA	NA	NA	NA	NA	NA	NA	NA	NA	NA	NA	1	NA	NA	NA	1
UWI253	NA	NA	NA	NA	NA	NA	NA	NA	NA	NA	NA	1	1	NA	NA	1	NA	1	1	NA	1	NA	NA	1	1	1	1	NA	1	NA	NA	NA	NA	1	1	NA	1
UWI254	NA	NA	NA	NA	NA	NA	NA	NA	NA	NA	NA	1	1	NA	1	1	NA	1	1	NA	1	NA	NA	1	NA	NA	1	NA	1	NA	NA	NA	NA	NA	1	NA	1
UWI255	NA	NA	NA	NA	NA	NA	NA	NA	NA	NA	NA	1	1	NA	NA	1	NA	1	1	1	1	1	NA	NA	1	1	NA	1	NA	NA	NA	NA	NA	NA	NA	NA	1
UWI256	NA	NA	NA	NA	NA	NA	NA	NA	1	NA	NA	1	1	NA	NA	1	NA	1	1	NA	1	NA	NA	1	NA	1	1	NA	1	NA	1	NA	1	1	NA	NA	1
UWI257	NA	NA	NA	NA	NA	NA	NA	NA	NA	NA	NA	1	NA	1	NA	1	NA	1	1	1	1	NA	NA	NA	NA	NA	NA	NA	NA	NA	1	1	NA	NA	NA	NA	1
UWI258	NA	NA	NA	NA	NA	NA	NA	NA	NA	NA	NA	1	1	1	NA	1	NA	1	1	1	1	NA	NA	1	NA	NA	NA	NA	1	NA	1	1	1	NA	NA	1	1
UWI260	NA	NA	NA	NA	NA	NA	NA	NA	NA	NA	NA	1	1	NA	NA	1	NA	1	1	NA	1	NA	NA	1	NA	NA	NA	1	1	1	NA	NA	1	NA	NA	1	1
UWI261	NA	NA	NA	NA	NA	NA	NA	NA	NA	NA	NA	1	1	1	1	1	NA	1	1	1	1	NA	NA	1	NA	1	1	NA	NA	NA	NA	1	NA	1	NA	NA	1
UWI262	NA	NA	NA	NA	NA	NA	NA	NA	1	NA	NA	1	1	NA	NA	1	1	1	1	NA	1	NA	NA	1	1	NA	NA	NA	1	1	NA	NA	1	NA	NA	1	1
UWI263	NA	NA	NA	NA	NA	NA	NA	NA	NA	NA	NA	1	1	NA	1	1	NA	1	1	NA	1	NA	NA	NA	NA	1	NA	1	1	NA	NA	1	NA	NA	NA	NA	1
UWI264	NA	NA	NA	NA	NA	NA	NA	NA	NA	NA	NA	1	1	NA	1	1	NA	1	1	NA	1	NA	NA	1	NA	1	1	NA	1	NA	1	1	NA	1	NA	NA	1
UWI265	NA	NA	NA	NA	NA	NA	NA	NA	NA	NA	NA	1	1	NA	1	1	NA	1	1	NA	1	NA	NA	1	1	NA	1	NA	1	1	NA	1	NA	NA	NA	NA	1
UWI267	NA	NA	NA	NA	NA	NA	NA	NA	NA	NA	NA	NA	1	NA	NA	1	NA	NA	1	1	1	NA	NA	1	NA	NA	1	1	1	NA	NA	NA	1	NA	NA	1	1
UWI268	NA	NA	NA	NA	NA	NA	NA	NA	NA	NA	NA	1	1	NA	1	1	NA	1	1	NA	1	1	NA	NA	1	1	NA	1	1	1	NA	NA	NA	1	NA	NA	1
UWI269	NA	NA	NA	NA	NA	NA	NA	NA	NA	NA	NA	1	1	NA	1	1	NA	1	1	NA	1	NA	NA	1	1	1	1	NA	1	NA	NA	NA	NA	1	NA	NA	1
UWI270	NA	NA	NA	NA	NA	NA	NA	NA	1	NA	NA	1	1	NA	NA	1	NA	1	1	NA	1	NA	NA	1	NA	NA	NA	NA	1	1	NA	NA	1	NA	NA	1	1
UWI271	NA	NA	NA	NA	NA	NA	NA	NA	1	NA	NA	1	1	1	1	1	NA	1	1	1	1	NA	NA	1	1	1	NA	1	1	NA	NA	1	1	1	NA	NA	1
UWI272	NA	NA	NA	NA	NA	NA	NA	NA	NA	NA	NA	1	1	1	NA	1	NA	1	1	1	1	NA	NA	NA	NA	NA	NA	NA	NA	NA	NA	NA	NA	NA	NA	NA	1
UWI273	NA	NA	NA	NA	NA	NA	NA	NA	NA	NA	NA	1	NA	1	NA	1	NA	1	1	NA	1	NA	NA	NA	NA	1	1	1	1	NA	NA	1	NA	1	NA	NA	1
UWI274	NA	NA	NA	NA	NA	NA	NA	NA	1	NA	NA	1	1	NA	NA	1	NA	1	1	NA	1	NA	NA	1	1	NA	NA	NA	NA	1	NA	NA	1	NA	NA	1	1
UWI275	NA	NA	NA	NA	NA	NA	NA	NA	NA	NA	NA	1	1	1	NA	1	NA	1	1	1	1	NA	NA	1	1	1	1	1	1	1	NA	1	NA	NA	NA	1	1
UWI276	NA	NA	NA	NA	NA	NA	NA	NA	1	NA	NA	1	1	1	NA	1	NA	1	1	1	1	NA	NA	1	NA	NA	1	NA	NA	NA	NA	1	1	NA	NA	1	1
UWI277	NA	NA	NA	NA	NA	NA	NA	NA	NA	NA	NA	1	1	1	NA	1	NA	1	1	1	1	NA	NA	1	NA	NA	1	NA	NA	1	NA	1	NA	NA	NA	1	1
UWI278	NA	NA	NA	NA	NA	NA	NA	NA	NA	NA	NA	1	1	NA	1	1	NA	1	1	NA	1	NA	NA	1	1	NA	1	NA	1	1	NA	NA	NA	1	1	NA	1
UWI279	NA	NA	NA	NA	NA	NA	NA	NA	NA	NA	NA	1	1	NA	NA	1	NA	1	1	1	1	NA	NA	1	NA	NA	NA	1	1	NA	NA	NA	1	NA	NA	1	1
UWI280	NA	NA	NA	NA	NA	NA	NA	NA	NA	NA	NA	1	1	NA	1	1	NA	1	1	NA	1	NA	NA	NA	1	NA	1	NA	1	1	NA	NA	NA	1	1	NA	1
UWI281	NA	NA	NA	NA	NA	NA	NA	NA	NA	NA	NA	1	1	NA	NA	1	NA	1	1	NA	1	NA	NA	1	1	NA	1	NA	1	1	NA	1	1	NA	NA	NA	1
UWI282	NA	NA	NA	NA	NA	NA	NA	NA	NA	NA	NA	1	1	1	NA	1	NA	1	1	1	1	NA	NA	1	NA	1	1	NA	1	NA	NA	NA	NA	1	NA	NA	1
UWI283	NA	NA	NA	NA	NA	NA	NA	NA	1	NA	NA	1	1	1	NA	1	NA	1	NA	NA	1	NA	NA	1	1	1	1	1	NA	NA	NA	1	NA	NA	NA	NA	1
ESI284	NA	NA	NA	NA	NA	1	NA	NA	NA	NA	NA	1	1	NA	NA	1	NA	NA	1	NA	1	NA	NA	1	1	NA	NA	1	NA	NA	NA	1	NA	NA	NA	NA	1
ESI285	NA	NA	NA	NA	NA	NA	NA	NA	NA	NA	NA	1	1	1	1	1	NA	1	1	NA	1	NA	NA	1	1	NA	NA	NA	1	1	NA	1	NA	NA	1	NA	1
ESI286	NA	NA	NA	NA	NA	NA	NA	NA	NA	NA	NA	1	1	1	1	1	NA	1	1	NA	1	NA	NA	1	1	1	1	NA	1	NA	NA	1	NA	NA	1	NA	1
ESI287	NA	NA	NA	NA	NA	NA	NA	NA	NA	NA	NA	1	1	1	1	1	NA	1	1	NA	1	NA	NA	1	1	NA	NA	1	1	1	NA	1	NA	1	1	NA	1
ESI288a	NA	NA	NA	NA	NA	1	NA	NA	NA	NA	NA	NA	1	NA	NA	1	NA	NA	1	NA	1	NA	NA	1	NA	NA	1	1	NA	NA	NA	1	NA	1	1	NA	1
ESI289	NA	NA	NA	NA	NA	NA	NA	NA	NA	NA	NA	1	1	1	1	1	NA	1	1	NA	1	NA	NA	1	1	NA	NA	1	1	1	NA	1	NA	NA	1	NA	1
ESI290	NA	NA	NA	NA	NA	NA	NA	NA	NA	NA	NA	1	1	1	1	1	NA	1	1	NA	1	NA	NA	1	1	NA	NA	1	1	1	NA	1	NA	1	1	NA	1
ESI291	NA	NA	NA	NA	NA	NA	NA	NA	NA	NA	NA	1	1	1	NA	1	NA	1	1	NA	1	NA	NA	1	1	NA	NA	1	1	1	NA	1	NA	NA	1	NA	1
ESI292	NA	NA	NA	NA	NA	NA	NA	NA	NA	NA	NA	1	NA	1	NA	1	NA	1	1	NA	1	NA	NA	1	1	NA	NA	1	1	1	NA	1	NA	NA	1	NA	1
ESI294	NA	NA	NA	NA	NA	NA	NA	NA	NA	NA	NA	1	1	1	1	1	NA	1	1	NA	1	NA	NA	1	1	NA	NA	1	1	1	NA	1	NA	1	1	NA	1
ESI295	NA	NA	NA	NA	NA	NA	NA	NA	NA	NA	NA	1	NA	NA	NA	1	NA	1	1	NA	1	NA	NA	1	NA	NA	NA	1	NA	1	NA	1	1	NA	NA	NA	1
ESI297	NA	NA	NA	NA	NA	NA	NA	NA	NA	NA	NA	1	1	1	1	1	NA	1	1	NA	1	NA	NA	1	NA	NA	NA	1	1	1	NA	1	NA	1	1	NA	1
ESI299	NA	NA	NA	NA	NA	NA	NA	NA	NA	NA	NA	1	NA	NA	NA	1	NA	1	1	NA	1	NA	NA	1	NA	NA	NA	1	NA	1	NA	1	1	NA	NA	NA	1
ESI300	NA	NA	NA	NA	NA	NA	NA	NA	NA	NA	NA	1	NA	NA	NA	1	NA	1	1	NA	1	NA	NA	1	NA	NA	NA	1	NA	1	NA	NA	1	1	NA	NA	1
ESI301	NA	NA	NA	NA	NA	NA	NA	NA	NA	NA	NA	1	1	1	1	1	NA	1	1	NA	1	NA	NA	1	1	NA	NA	1	1	1	NA	1	NA	NA	NA	NA	1
ESI303	NA	NA	NA	NA	NA	NA	NA	NA	NA	NA	NA	1	1	1	1	1	NA	1	1	NA	1	NA	NA	1	1	NA	NA	1	1	1	NA	1	NA	NA	1	NA	1
ESI304	NA	NA	NA	NA	NA	NA	NA	NA	NA	NA	NA	1	NA	NA	NA	1	NA	1	1	NA	1	NA	NA	1	NA	NA	NA	1	NA	1	NA	1	1	NA	NA	NA	1
ESI305	NA	NA	NA	NA	NA	NA	NA	NA	NA	NA	NA	1	1	1	1	1	NA	1	1	NA	1	NA	NA	1	1	NA	NA	NA	1	1	NA	1	NA	NA	1	NA	1
ESI306	NA	NA	NA	NA	NA	NA	NA	NA	NA	NA	NA	1	1	1	1	1	NA	1	1	NA	1	NA	NA	1	1	NA	NA	1	1	1	NA	1	NA	NA	1	NA	1
ESI307	NA	NA	NA	NA	NA	NA	NA	NA	NA	NA	NA	1	1	1	1	1	NA	1	1	NA	1	NA	NA	1	1	NA	NA	1	1	1	NA	1	NA	NA	1	NA	1
ESI308	NA	NA	NA	NA	NA	NA	NA	NA	NA	NA	NA	1	1	1	1	1	NA	1	1	NA	1	NA	NA	1	1	NA	NA	NA	1	1	NA	1	NA	1	1	NA	1
ESI309	NA	NA	NA	NA	NA	1	NA	NA	NA	NA	NA	1	1	NA	NA	1	NA	NA	1	NA	1	NA	NA	1	NA	NA	NA	1	NA	1	NA	1	NA	1	1	NA	1
ESI311	NA	NA	NA	NA	NA	NA	NA	NA	NA	NA	NA	1	NA	NA	NA	1	NA	1	1	NA	1	NA	NA	1	NA	NA	NA	1	NA	1	NA	NA	1	1	NA	NA	1
ESI312	NA	NA	NA	NA	NA	NA	NA	NA	NA	NA	NA	1	NA	NA	NA	1	NA	1	1	NA	1	NA	NA	1	NA	NA	NA	1	NA	1	NA	1	1	NA	NA	NA	1
ESI313	NA	NA	NA	NA	NA	NA	NA	NA	NA	NA	NA	1	1	1	1	1	NA	1	1	NA	1	NA	NA	1	1	NA	NA	1	1	1	NA	1	NA	NA	1	NA	1
ESI314	NA	NA	NA	NA	NA	NA	NA	NA	NA	NA	NA	1	1	1	1	1	NA	1	1	NA	1	NA	NA	1	1	NA	NA	NA	1	1	NA	1	NA	NA	1	NA	1
ESI315	NA	NA	NA	NA	NA	NA	NA	NA	NA	NA	NA	1	1	1	1	1	NA	1	1	NA	1	NA	NA	1	1	NA	NA	1	1	1	NA	1	NA	1	1	NA	1
ESI316	NA	NA	NA	NA	NA	NA	NA	NA	NA	NA	NA	1	NA	NA	NA	1	NA	1	1	NA	1	NA	NA	1	NA	NA	NA	1	NA	1	NA	1	1	NA	NA	NA	1
ESI317	NA	NA	NA	NA	NA	NA	NA	NA	NA	NA	NA	1	1	1	1	1	NA	1	1	NA	1	NA	NA	1	1	1	1	NA	NA	NA	NA	1	NA	NA	1	NA	1
ESI318	NA	NA	NA	NA	NA	NA	NA	NA	NA	NA	NA	1	1	1	1	1	NA	1	1	NA	1	NA	NA	1	1	NA	NA	1	1	1	NA	1	NA	NA	1	NA	1
ESI319	NA	NA	NA	NA	NA	NA	NA	NA	NA	NA	NA	1	NA	NA	NA	1	NA	1	1	NA	1	NA	NA	1	NA	NA	NA	1	NA	1	NA	NA	1	1	NA	NA	1
ESI320	NA	NA	NA	NA	NA	1	NA	1	NA	NA	NA	1	1	1	NA	1	NA	1	1	NA	1	NA	NA	1	NA	NA	1	1	NA	1	NA	NA	NA	NA	1	NA	1
ESI322	NA	NA	NA	NA	NA	NA	NA	NA	NA	NA	NA	1	NA	NA	NA	1	NA	NA	1	NA	1	NA	NA	1	NA	NA	NA	1	NA	1	NA	1	1	NA	NA	NA	1
ESI323	NA	NA	NA	NA	NA	NA	NA	NA	NA	NA	NA	1	NA	NA	NA	1	NA	1	1	NA	1	NA	NA	1	NA	NA	NA	1	NA	1	NA	1	1	NA	NA	NA	1
